{"cameraMode":{"drawMode":0,"name":"Shaded","section":"Shading Mode"},"sceneLighting":false,"audioPlay":false,"sceneViewState":{"m_AlwaysRefresh":true,"showFog":true,"showSkybox":false,"showFlares":true,"showImageEffects":true,"showParticleSystems":true,"showVisualEffectGraphs":true,"m_FxEnabled":true},"in2DMode":false,"pivot":{"x":-2.1272130012512209,"y":2.8567442893981935,"z":-1.7996101379394532},"rotation":{"x":-0.012549810111522675,"y":-0.9855237603187561,"z":0.08441638946533203,"w":-0.14651311933994294},"size":2.739696741104126,"orthographic":false}