{"cameraMode":{"drawMode":0,"name":"Shaded","section":"Shading Mode"},"sceneLighting":true,"audioPlay":false,"sceneViewState":{"m_AlwaysRefresh":true,"showFog":true,"showSkybox":true,"showFlares":true,"showImageEffects":true,"showParticleSystems":true,"showVisualEffectGraphs":true,"m_FxEnabled":true},"in2DMode":false,"pivot":{"x":40.80974197387695,"y":98.85032653808594,"z":137.9654541015625},"rotation":{"x":-0.12154815346002579,"y":0.040974512696266177,"z":-0.005024342332035303,"w":-0.9917747974395752},"size":368.97564697265627,"orthographic":false}