{"cameraMode":{"drawMode":0,"name":"Shaded","section":"Shading Mode"},"sceneLighting":false,"audioPlay":false,"sceneViewState":{"m_AlwaysRefresh":true,"showFog":true,"showSkybox":false,"showFlares":true,"showImageEffects":true,"showParticleSystems":true,"showVisualEffectGraphs":true,"m_FxEnabled":true},"in2DMode":false,"pivot":{"x":8.408519744873047,"y":292.6405334472656,"z":50.465118408203128},"rotation":{"x":-0.24424001574516297,"y":0.04051411524415016,"z":-0.010207312181591988,"w":-0.9688449501991272},"size":265.4662780761719,"orthographic":false}