{"cameraMode":{"drawMode":0,"name":"Shaded","section":"Shading Mode"},"sceneLighting":false,"audioPlay":false,"sceneViewState":{"m_AlwaysRefresh":true,"showFog":true,"showSkybox":false,"showFlares":true,"showImageEffects":true,"showParticleSystems":true,"showVisualEffectGraphs":true,"m_FxEnabled":true},"in2DMode":false,"pivot":{"x":0.17747128009796143,"y":1.8974344730377198,"z":0.21481040120124818},"rotation":{"x":-0.012549810111522675,"y":-0.9855237603187561,"z":0.08441638946533203,"w":-0.14651311933994294},"size":3.03969669342041,"orthographic":false}